date,text,sender_id,message_id
2025-04-26 17:42:41+00:00,,-1001894858568,19083
2025-04-26 17:42:41+00:00,,-1001894858568,19082
2025-04-26 17:42:41+00:00,,-1001894858568,19081
2025-04-26 17:42:41+00:00,,-1001894858568,19080
2025-04-26 17:42:40+00:00,,-1001894858568,19079
2025-04-26 17:42:40+00:00,"üáÆüá∑ | **Una fuerte explosi√≥n en el puerto de Bandar Abbas, Ir√°n, dej√≥ al menos cinco muertos y m√°s de 700 heridos este s√°bado.** De acuerdo con un portavoz del Gobierno, la detonaci√≥n se produjo tras la explosi√≥n de varios contenedores almacenados en el puerto, que probablemente conten√≠an productos qu√≠micos. 

Las autoridades iran√≠es contin√∫an trabajando en la zona para atender a los afectados y evaluar los da√±os ocasionados por el incidente.

‚ö°Ô∏è**Ay√∫danos a activar las historias pulsando** [BOOST](https://t.me/boost?c=1894858568)‚¨ÖÔ∏è| **√önete:** [Alertas Mundial](https://t.me/+G4mJ4O27qNsyNDYx) | [Alertas Mundial WAR](https://t.me/AlertasMundialWAR) | [AlertasMundial+18](https://t.me/+_aCx2zDTb39hNmZh) |** **[WhatsApp](https://whatsapp.com/channel/0029VaH704TKgsNvbjbcF70C) | [Instagram](https://www.instagram.com/alertasmundial2.0)
**Soporte o negocio:** [Administrador](https://t.me/AlertasMundialAdmin)
**Vis√≠tanos**: [AlertasMundial.com](http://www.AlertasMundial.com/)
Reacciona, comenta, reenv√≠a y activa las notificaciones para no perderte de nada.",-1001894858568,19078
2025-04-26 17:17:09+00:00,"üá∫üá∏ | **Estilista de Louisiana comienza a cortar el cabello de una ni√±a de 11 a√±os** despu√©s de que la madre se negara a pagar una tarifa de $25 por llegar 10 minutos tarde.

Una vez que la estilista termin√≥ el corte, comenz√≥ a cortar las trenzas. Cuando la madre intent√≥ detenerla, le cortaron la mano y empez√≥ a sangrar.

""Lleg√≥ a las 5:10 p.m. y, seg√∫n esta estilista, tiene un per√≠odo de gracia de 10 minutos, y ahora dice que cobra una penalizaci√≥n de $25 despu√©s de los 10 minutos"", dijo la abuela de la ni√±a en Facebook.

""Entonces ella trenza el cabello de mi nieta, y cuando mi hija se neg√≥ a pagar los $25, amenaza con deshacerle las trenzas a mi nieta. Mi hija y la joven intercambian palabras, y ella agarra las tijeras. ¬°Mi hija est√° tratando de sacar a su hija y la estilista corta a mi hija! ¬°Mi hija est√° embarazada de 6 meses!""

El incidente ocurri√≥ en Draft Picks Barbershop en Baton Rouge. La estilista ha sido despedida.
[ALERTAS MUNDIAL +18](https://t.me/+_aCx2zDTb39hNmZh)

‚ö°Ô∏è**Ay√∫danos a activar las historias pulsando** [BOOST](https://t.me/boost?c=1894858568)‚¨ÖÔ∏è| **√önete:** [Alertas Mundial](https://t.me/+G4mJ4O27qNsyNDYx) | [Alertas Mundial WAR](https://t.me/AlertasMundialWAR) | [AlertasMundial+18](https://t.me/+_aCx2zDTb39hNmZh) |** **[WhatsApp](https://whatsapp.com/channel/0029VaH704TKgsNvbjbcF70C) | [Instagram](https://www.instagram.com/alertasmundial2.0)
**Soporte o negocio:** [Administrador](https://t.me/AlertasMundialAdmin)
**Vis√≠tanos**: [AlertasMundial.com](http://www.AlertasMundial.com/)
Reacciona, comenta, reenv√≠a y activa las notificaciones para no perderte de nada.",-1001894858568,19077
2025-04-26 16:50:54+00:00,"üá∫üá∏üóΩ |** Un hombre se encuentra en estado cr√≠tico tras ser arrastrado por su propio auto a lo largo de una calle del Bronx** mientras intentaba frustrar un robo el jueves. La v√≠ctima se aferr√≥ a la ventana del veh√≠culo e intent√≥ correr junto a √©l mientras el conductor aceleraba a toda velocidad, en un hecho ocurrido en Nueva York, Estados Unidos.
[ALERTAS MUNDIAL +18](https://t.me/+_aCx2zDTb39hNmZh)

‚ö°Ô∏è**Ay√∫danos a activar las historias pulsando** [BOOST](https://t.me/boost?c=1894858568)‚¨ÖÔ∏è| **√önete:** [Alertas Mundial](https://t.me/+G4mJ4O27qNsyNDYx) | [Alertas Mundial WAR](https://t.me/AlertasMundialWAR) | [AlertasMundial+18](https://t.me/+_aCx2zDTb39hNmZh) |** **[WhatsApp](https://whatsapp.com/channel/0029VaH704TKgsNvbjbcF70C) | [Instagram](https://www.instagram.com/alertasmundial2.0)
**Soporte o negocio:** [Administrador](https://t.me/AlertasMundialAdmin)
**Vis√≠tanos**: [AlertasMundial.com](http://www.AlertasMundial.com/)
Reacciona, comenta, reenv√≠a y activa las notificaciones para no perderte de nada.",-1001894858568,19076
2025-04-26 16:14:16+00:00,"üëçüí™üëå **REAL MADRID ****‚öΩÔ∏è**** BARCELONA** 

**üò±‚ÄºÔ∏èCANAL VIP GRATIS‚ÄºÔ∏èüò±**

üíé** ¬°EL MEJOR PRONOSTICADOR DEL MUNDO! **üíé

**¬†¬†¬†¬†¬†¬† ****üá™üá∏**** **[**UNETE AQUI GRATIS**](https://t.me/+DAsBGLpSAWVkNzdk)** **üá™üá∏

‚úÖ M√°s de **100.000‚Ç¨ GANADOS** por nuestros clientes en solo **1 MES** üìà
__Esta publicidad es externa a Alertas Mundial, participa de ella bajo tu responsabilidad s√≥lo si eres mayor de edad__",-1001894858568,19075
2025-04-26 15:17:44+00:00,"üîûüáßüá∑ | **Un perro atac√≥ a un hombre que, seg√∫n informaciones preliminares, habr√≠a ingresado a un taller mec√°nico para robar piezas de los veh√≠culos** presentes en el lugar. El incidente ocurri√≥ en Realengo, ubicado en la zona oeste de R√≠o de Janeiro, Brasil.
[ALERTAS MUNDIAL +18](https://t.me/+_aCx2zDTb39hNmZh)

‚ö°Ô∏è**Ay√∫danos a activar las historias pulsando** [BOOST](https://t.me/boost?c=1894858568)‚¨ÖÔ∏è| **√önete:** [Alertas Mundial](https://t.me/+G4mJ4O27qNsyNDYx) | [Alertas Mundial WAR](https://t.me/AlertasMundialWAR) | [AlertasMundial+18](https://t.me/+_aCx2zDTb39hNmZh) |** **[WhatsApp](https://whatsapp.com/channel/0029VaH704TKgsNvbjbcF70C) | [Instagram](https://www.instagram.com/alertasmundial2.0)
**Soporte o negocio:** [Administrador](https://t.me/AlertasMundialAdmin)
**Vis√≠tanos**: [AlertasMundial.com](http://www.AlertasMundial.com/)
Reacciona, comenta, reenv√≠a y activa las notificaciones para no perderte de nada.",-1001894858568,19074
2025-04-26 14:49:07+00:00,"üá∫üá∏ | **Helic√≥ptero m√©dico se estrella** durante un entrenamiento en Hartford, Illinois.

Un helic√≥ptero de la compa√±√≠a Arch Medical Solutions choc√≥ contra un √°rbol mientras intentaba despegar, volc√≥ y se incendi√≥ durante un entrenamiento en Hartford, Illinois, Estados Unidos, seg√∫n reportes. Fuentes indicaron que dos personas lograron salir del helic√≥ptero mientras este se incendiaba.
[ALERTAS MUNDIAL +18](https://t.me/+_aCx2zDTb39hNmZh)

‚ö°Ô∏è**Ay√∫danos a activar las historias pulsando** [BOOST](https://t.me/boost?c=1894858568)‚¨ÖÔ∏è| **√önete:** [Alertas Mundial](https://t.me/+G4mJ4O27qNsyNDYx) | [Alertas Mundial WAR](https://t.me/AlertasMundialWAR) | [AlertasMundial+18](https://t.me/+_aCx2zDTb39hNmZh) |** **[WhatsApp](https://whatsapp.com/channel/0029VaH704TKgsNvbjbcF70C) | [Instagram](https://www.instagram.com/alertasmundial2.0)
**Soporte o negocio:** [Administrador](https://t.me/AlertasMundialAdmin)
**Vis√≠tanos**: [AlertasMundial.com](http://www.AlertasMundial.com/)
Reacciona, comenta, reenv√≠a y activa las notificaciones para no perderte de nada.",-1001894858568,19073
2025-04-26 13:57:42+00:00,,-1001894858568,19072
2025-04-26 13:57:42+00:00,,-1001894858568,19071
2025-04-26 13:57:42+00:00,,-1001894858568,19070
2025-04-26 13:57:42+00:00,,-1001894858568,19069
2025-04-26 13:57:42+00:00,,-1001894858568,19068
2025-04-26 13:57:42+00:00,,-1001894858568,19067
2025-04-26 13:57:42+00:00,,-1001894858568,19066
2025-04-26 13:57:42+00:00,,-1001894858568,19065
2025-04-26 13:57:42+00:00,,-1001894858568,19064
2025-04-26 13:57:42+00:00,"üá∫üá∏ | El exjugador de la NFL y presentador de ESPN, Shannon Sharpe, dice que se alejar√° de la cadena tras las **acusaciones de violaci√≥n en su contra por una joven de 20 a√±os que busca ser compensada con 50 millones de d√≥lares.**

‚ÄúLa relaci√≥n en cuesti√≥n fue 100% consensuada. En este momento, he decidido apartarme temporalmente de mis responsabilidades en ESPN.‚Äù

‚ÄúVoy a dedicar este tiempo a mi familia y a responder y enfrentar las falsas y perturbadoras acusaciones en mi contra. Planeo regresar a ESPN al inicio de la pretemporada de la NFL.‚Äù
[ALERTAS MUNDIAL +18](https://t.me/+_aCx2zDTb39hNmZh)

‚ö°Ô∏è**Ay√∫danos a activar las historias pulsando** [BOOST](https://t.me/boost?c=1894858568)‚¨ÖÔ∏è| **√önete:** [Alertas Mundial](https://t.me/+G4mJ4O27qNsyNDYx) | [Alertas Mundial WAR](https://t.me/AlertasMundialWAR) | [AlertasMundial+18](https://t.me/+_aCx2zDTb39hNmZh) |** **[WhatsApp](https://whatsapp.com/channel/0029VaH704TKgsNvbjbcF70C) | [Instagram](https://www.instagram.com/alertasmundial2.0)
**Soporte o negocio:** [Administrador](https://t.me/AlertasMundialAdmin)
**Vis√≠tanos**: [AlertasMundial.com](http://www.AlertasMundial.com/)
Reacciona, comenta, reenv√≠a y activa las notificaciones para no perderte de nada.",-1001894858568,19063
2025-04-26 13:21:04+00:00,"üá™üá∏üá™üá∏**¬°CUOTA @15 GRATIS!

BetMaster ha compartido otro cuoton GRATIS en su canal principal de Telegram, es de los canales que mas me hacen ganar, sed listos y entrad antes de que empiece. √öNETE GRATIS para ver la CUOTAZA @15 üéÅ

**üëèüèº[Llevo tiempo recomendando este canal, quiero que gan√©is con el como hago yo‚§µÔ∏è](https://t.me/+e2wTuMNdoUkwMzY0)**
**
‚ö°Ô∏è **200 PLAZAS LIMITADAS ‚ö°Ô∏è 

GRATIS AQU√ç: **https://t.me/+e2wTuMNdoUkwMzY0 
__Esta publicidad es externa a Alertas Mundial, participa de ella bajo tu responsabilidad s√≥lo si eres mayor de edad__",-1001894858568,19062
2025-04-26 12:28:10+00:00,"üá∑üá∫‚öîÔ∏èüá∫üá¶ | **Militares rusos izan la bandera en Gornal,** √∫ltima localidad liberada en Kursk.

‚ö°Ô∏è**Ay√∫danos a activar las historias pulsando** [BOOST](https://t.me/boost?c=1894858568)‚¨ÖÔ∏è| **√önete:** [Alertas Mundial](https://t.me/+G4mJ4O27qNsyNDYx) | [Alertas Mundial WAR](https://t.me/AlertasMundialWAR) | [AlertasMundial+18](https://t.me/+_aCx2zDTb39hNmZh) |** **[WhatsApp](https://whatsapp.com/channel/0029VaH704TKgsNvbjbcF70C) | [Instagram](https://www.instagram.com/alertasmundial2.0)
**Soporte o negocio:** [Administrador](https://t.me/AlertasMundialAdmin)
**Vis√≠tanos**: [AlertasMundial.com](http://www.AlertasMundial.com/)
Reacciona, comenta, reenv√≠a y activa las notificaciones para no perderte de nada.",-1001894858568,19061
2025-04-26 11:11:56+00:00,"üá∑üá∫‚öîÔ∏èüá∫üá¶ | #AHORA ‚Ä¢ Vladimir Putin: ""**La liberaci√≥n de la provincia de Kursk acerca la derrota del r√©gimen de Kiev**""

https://alertasmundial.com/putin-la-liberacion-de-la-provincia-de-kursk-acerca-la-derrota-del-regimen-de-kiev/",-1001894858568,19060
2025-04-26 10:54:52+00:00,"üá∑üá∫‚öîÔ∏èüá∫üá¶ | #URGENTE ‚Ä¢ **El Ej√©rcito ruso liber√≥ la provincia de Kursk,** seg√∫n inform√≥ el jefe del Estado Mayor, Valery Gerasimov.

""La derrota de las fuerzas ucranianas que invadieron la provincia de Kursk es completa"", declar√≥ Gerasimov.
""Soldados de la Rep√∫blica Popular Democr√°tica de Corea (RPDC) üá∞üáµ ayudaron en la derrota de Kiev en Kursk"", agreg√≥.

‚ö°Ô∏è**Ay√∫danos a activar las historias pulsando** [BOOST](https://t.me/boost?c=1894858568)‚¨ÖÔ∏è| **√önete:** [Alertas Mundial](https://t.me/+G4mJ4O27qNsyNDYx) | [Alertas Mundial WAR](https://t.me/AlertasMundialWAR) | [AlertasMundial+18](https://t.me/+_aCx2zDTb39hNmZh) |** **[WhatsApp](https://whatsapp.com/channel/0029VaH704TKgsNvbjbcF70C) | [Instagram](https://www.instagram.com/alertasmundial2.0)
**Soporte o negocio:** [Administrador](https://t.me/AlertasMundialAdmin)
**Vis√≠tanos**: [AlertasMundial.com](http://www.AlertasMundial.com/)
Reacciona, comenta, reenv√≠a y activa las notificaciones para no perderte de nada.",-1001894858568,19059
2025-04-26 03:56:01+00:00,"üá¶üá∫ | Masacre de koalas en Australia: **sacrifican con francotiradores desde helic√≥pteros a 750 ejemplares ""por razones humanitarias"".**

Las autoridades aseguraron que el sacrificio se llev√≥ a cabo por ""razones humanitarias"" y el bienestar animal, tras un incendio que arras√≥ alrededor de 2.000 hect√°reas dejando a muchos de los koalas ""gravemente heridos, deshidratados o al borde de la inanici√≥n"", seg√∫n las autoridades.
[ALERTAS MUNDIAL +18](https://t.me/+_aCx2zDTb39hNmZh)

‚ö°Ô∏è**Ay√∫danos a activar las historias pulsando** [BOOST](https://t.me/boost?c=1894858568)‚¨ÖÔ∏è| **√önete:** [Alertas Mundial](https://t.me/+G4mJ4O27qNsyNDYx) | [Alertas Mundial WAR](https://t.me/AlertasMundialWAR) | [AlertasMundial+18](https://t.me/+_aCx2zDTb39hNmZh) |** **[WhatsApp](https://whatsapp.com/channel/0029VaH704TKgsNvbjbcF70C) | [Instagram](https://www.instagram.com/alertasmundial2.0)
**Soporte o negocio:** [Administrador](https://t.me/AlertasMundialAdmin)
**Vis√≠tanos**: [AlertasMundial.com](http://www.AlertasMundial.com/)
Reacciona, comenta, reenv√≠a y activa las notificaciones para no perderte de nada.",-1001894858568,19058
2025-04-26 03:05:51+00:00,"üá∫üá∏ | La polic√≠a cree que el **grupo de adolescentes que golpe√≥ a un hombre en plena calle en Los √Ångeles** ahora ha saqueado un supermercado Ralphs.

El grupo, al que se acusa de hostigar y agredir a personas en el establecimiento, tambi√©n estar√≠a vinculado a otros ataques recientes. Durante el saqueo, rociaron gas pimienta a los clientes y causaron da√±os materiales en veh√≠culos del estacionamiento.

Una pareja homosexual fue agredida verbal y f√≠sicamente durante el incidente. ‚ÄúNuestra ventana est√° rota, el parabrisas est√° agrietado, ambas puertas tienen abolladuras y hay un da√±o en la pintura‚Äù, relat√≥ una de las v√≠ctimas. Tambi√©n denunciaron haber recibido insultos homof√≥bicos, golpes al autom√≥vil y el lanzamiento de botellas.

Las autoridades investigan si el grupo tiene relaci√≥n con otros hechos violentos, como los saqueos en tiendas 7-Eleven y la golpiza al hombre en la v√≠a p√∫blica. Residentes locales han exigido a la alcaldesa Karen Bass que act√∫e ante el aumento de ataques cometidos por pandillas que est√°n sembrando el miedo en la comunidad.
[ALERTAS MUNDIAL +18](https://t.me/+_aCx2zDTb39hNmZh)

‚ö°Ô∏è**Ay√∫danos a activar las historias pulsando** [BOOST](https://t.me/boost?c=1894858568)‚¨ÖÔ∏è| **√önete:** [Alertas Mundial](https://t.me/+G4mJ4O27qNsyNDYx) | [Alertas Mundial WAR](https://t.me/AlertasMundialWAR) | [AlertasMundial+18](https://t.me/+_aCx2zDTb39hNmZh) |** **[WhatsApp](https://whatsapp.com/channel/0029VaH704TKgsNvbjbcF70C) | [Instagram](https://www.instagram.com/alertasmundial2.0)
**Soporte o negocio:** [Administrador](https://t.me/AlertasMundialAdmin)
**Vis√≠tanos**: [AlertasMundial.com](http://www.AlertasMundial.com/)
Reacciona, comenta, reenv√≠a y activa las notificaciones para no perderte de nada.",-1001894858568,19057
2025-04-26 02:31:21+00:00,"üîûüáµüá™ | En Per√∫, un hombre perdi√≥ su mano derecha luego de que, al llegar a su domicilio, **encontr√≥ una bolsa frente a su casa e intent√≥ tirarla sin que antes explotara en su mano.**
[ALERTAS MUNDIAL +18](https://t.me/+_aCx2zDTb39hNmZh)

‚ö°Ô∏è**Ay√∫danos a activar las historias pulsando** [BOOST](https://t.me/boost?c=1894858568)‚¨ÖÔ∏è| **√önete:** [Alertas Mundial](https://t.me/+G4mJ4O27qNsyNDYx) | [Alertas Mundial WAR](https://t.me/AlertasMundialWAR) | [AlertasMundial+18](https://t.me/+_aCx2zDTb39hNmZh) |** **[WhatsApp](https://whatsapp.com/channel/0029VaH704TKgsNvbjbcF70C) | [Instagram](https://www.instagram.com/alertasmundial2.0)
**Soporte o negocio:** [Administrador](https://t.me/AlertasMundialAdmin)
**Vis√≠tanos**: [AlertasMundial.com](http://www.AlertasMundial.com/)
Reacciona, comenta, reenv√≠a y activa las notificaciones para no perderte de nada.",-1001894858568,19056
2025-04-26 02:01:10+00:00,"**üá∫üá∏üá¶üá∫ | M√ÅS DETALLES: **

https://alertasmundial.com/reportan-el-suicidio-de-virginia-giuffre-victima-de-trafico-sexual-de-jeffrey-epstein-y-su-socia-ghislaine-maxwell/",-1001894858568,19055
2025-04-26 01:18:52+00:00,,-1001894858568,19054
2025-04-26 01:18:52+00:00,"üá∫üá∏üá¶üá∫ | #AHORA ‚Ä¢ Encontraron muerta a Virginia Giuffre, **la mujer que acus√≥ a Jeffrey Epstein y al pr√≠ncipe Andr√©s de haber abusado de ella.**
[ALERTAS MUNDIAL +18](https://t.me/+_aCx2zDTb39hNmZh)

‚ö°Ô∏è**Ay√∫danos a activar las historias pulsando** [BOOST](https://t.me/boost?c=1894858568)‚¨ÖÔ∏è| **√önete:** [Alertas Mundial](https://t.me/+G4mJ4O27qNsyNDYx) | [Alertas Mundial WAR](https://t.me/AlertasMundialWAR) | [AlertasMundial+18](https://t.me/+_aCx2zDTb39hNmZh) |** **[WhatsApp](https://whatsapp.com/channel/0029VaH704TKgsNvbjbcF70C) | [Instagram](https://www.instagram.com/alertasmundial2.0)
**Soporte o negocio:** [Administrador](https://t.me/AlertasMundialAdmin)
**Vis√≠tanos**: [AlertasMundial.com](http://www.AlertasMundial.com/)
Reacciona, comenta, reenv√≠a y activa las notificaciones para no perderte de nada.",-1001894858568,19053
2025-04-26 00:55:56+00:00,"üá™üá® | El techo del coliseo Carlos Ricardo Plaza, ubicado en Esmeraldas, Ecuador, **colaps√≥ tras el fuerte terremoto de magnitud 6.3 registrado este viernes.**

‚ö°Ô∏è**Ay√∫danos a activar las historias pulsando** [BOOST](https://t.me/boost?c=1894858568)‚¨ÖÔ∏è| **√önete:** [Alertas Mundial](https://t.me/+G4mJ4O27qNsyNDYx) | [Alertas Mundial WAR](https://t.me/AlertasMundialWAR) | [AlertasMundial+18](https://t.me/+_aCx2zDTb39hNmZh) |** **[WhatsApp](https://whatsapp.com/channel/0029VaH704TKgsNvbjbcF70C) | [Instagram](https://www.instagram.com/alertasmundial2.0)
**Soporte o negocio:** [Administrador](https://t.me/AlertasMundialAdmin)
**Vis√≠tanos**: [AlertasMundial.com](http://www.AlertasMundial.com/)
Reacciona, comenta, reenv√≠a y activa las notificaciones para no perderte de nada.",-1001894858568,19052
2025-04-25 23:50:57+00:00,"üáªüá¶üïäÔ∏è #AHORA ‚Ä¢ **Cientos de aves sobrevuelan la Plaza de San Pedro, frente a la Bas√≠lica en Ciudad del Vaticano,** mientras se realiza la despedida al papa Francisco. Este s√°bado ser√° la ceremonia final.

‚ö°Ô∏è**Ay√∫danos a activar las historias pulsando** [BOOST](https://t.me/boost?c=1894858568)‚¨ÖÔ∏è| **√önete:** [Alertas Mundial](https://t.me/+G4mJ4O27qNsyNDYx) | [Alertas Mundial WAR](https://t.me/AlertasMundialWAR) | [AlertasMundial+18](https://t.me/+_aCx2zDTb39hNmZh) |** **[WhatsApp](https://whatsapp.com/channel/0029VaH704TKgsNvbjbcF70C) | [Instagram](https://www.instagram.com/alertasmundial2.0)
**Soporte o negocio:** [Administrador](https://t.me/AlertasMundialAdmin)
**Vis√≠tanos**: [AlertasMundial.com](http://www.AlertasMundial.com/)
Reacciona, comenta, reenv√≠a y activa las notificaciones para no perderte de nada.",-1001894858568,19051
2025-04-25 20:53:14+00:00,"**üá™üá∏**[**REAL MADRID ‚öΩÔ∏è BARCELONA**](https://t.me/+NKkV_45d0dRkNjY0)[ ](https://t.me/+NKkV_45d0dRkNjY0)**üá™üá∏**

**El √∫ltimo cl√°sico os recomend√© a Wizard y gan√≥ una CUOTA @10 ‚úÖ en su canal gratuito

üéÅ Para este s√°bado os deja otra a los que os un√°is desde este link:

**https://t.me/+NKkV_45d0dRkNjY0",-1001894858568,19050
2025-04-25 19:36:31+00:00,,-1001894858568,19049
2025-04-25 19:36:31+00:00,"üîûüá®üá¥ | **Momento en que una mujer confronta a un hombre que estaba a punto de abusar sexualmente de una ni√±a de 13 a√±os** en Medell√≠n del Ariari, un corregimiento rural del municipio El Castillo, en el departamento del Meta, Colombia. 

En un fragmento de la grabaci√≥n, se escucha al sujeto decir que le estaba ofreciendo dinero a la ni√±a ‚Äúpara la gaseosa‚Äù.
[ALERTAS MUNDIAL +18](https://t.me/+_aCx2zDTb39hNmZh)

‚ö°Ô∏è**Ay√∫danos a activar las historias pulsando** [BOOST](https://t.me/boost?c=1894858568)‚¨ÖÔ∏è| **√önete:** [Alertas Mundial](https://t.me/+G4mJ4O27qNsyNDYx) | [Alertas Mundial WAR](https://t.me/AlertasMundialWAR) | [AlertasMundial+18](https://t.me/+_aCx2zDTb39hNmZh) |** **[WhatsApp](https://whatsapp.com/channel/0029VaH704TKgsNvbjbcF70C) | [Instagram](https://www.instagram.com/alertasmundial2.0)
**Soporte o negocio:** [Administrador](https://t.me/AlertasMundialAdmin)
**Vis√≠tanos**: [AlertasMundial.com](http://www.AlertasMundial.com/)
Reacciona, comenta, reenv√≠a y activa las notificaciones para no perderte de nada.",-1001894858568,19048
2025-04-25 19:01:41+00:00,"üáµüá± | Un √°rbol congelado cay√≥ sobre una l√≠nea el√©ctrica en Polonia, en un bosque nevado. **(Mire el video hasta el final).**

‚ö°Ô∏è**Ay√∫danos a activar las historias pulsando** [BOOST](https://t.me/boost?c=1894858568)‚¨ÖÔ∏è| **√önete:** [Alertas Mundial](https://t.me/+G4mJ4O27qNsyNDYx) | [Alertas Mundial WAR](https://t.me/AlertasMundialWAR) | [AlertasMundial+18](https://t.me/+_aCx2zDTb39hNmZh) |** **[WhatsApp](https://whatsapp.com/channel/0029VaH704TKgsNvbjbcF70C) | [Instagram](https://www.instagram.com/alertasmundial2.0)
**Soporte o negocio:** [Administrador](https://t.me/AlertasMundialAdmin)
**Vis√≠tanos**: [AlertasMundial.com](http://www.AlertasMundial.com/)
Reacciona, comenta, reenv√≠a y activa las notificaciones para no perderte de nada.",-1001894858568,19047
2025-04-25 18:26:10+00:00,"üáßüá∑‚òÑÔ∏è | **Un brillante meteoro ilumin√≥ el cielo nocturno** la noche del mi√©rcoles en R√≠o Grande del Sur, Brasil. Seg√∫n Carlos Fernando Jung, director del Observatorio Espacial Heller & Jung, este podr√≠a ser ‚Äúel m√°s grande que haya ca√≠do en la regi√≥n‚Äù

‚ö°Ô∏è**Ay√∫danos a activar las historias pulsando** [BOOST](https://t.me/boost?c=1894858568)‚¨ÖÔ∏è| **√önete:** [Alertas Mundial](https://t.me/+G4mJ4O27qNsyNDYx) | [Alertas Mundial WAR](https://t.me/AlertasMundialWAR) | [AlertasMundial+18](https://t.me/+_aCx2zDTb39hNmZh) |** **[WhatsApp](https://whatsapp.com/channel/0029VaH704TKgsNvbjbcF70C) | [Instagram](https://www.instagram.com/alertasmundial2.0)
**Soporte o negocio:** [Administrador](https://t.me/AlertasMundialAdmin)
**Vis√≠tanos**: [AlertasMundial.com](http://www.AlertasMundial.com/)
Reacciona, comenta, reenv√≠a y activa las notificaciones para no perderte de nada.",-1001894858568,19046
2025-04-25 17:28:07+00:00,,-1001894858568,19045
2025-04-25 17:28:07+00:00,,-1001894858568,19044
2025-04-25 17:28:07+00:00,,-1001894858568,19043
2025-04-25 17:28:07+00:00,,-1001894858568,19042
2025-04-25 17:28:07+00:00,,-1001894858568,19041
2025-04-25 17:28:07+00:00,,-1001894858568,19040
2025-04-25 17:28:07+00:00,,-1001894858568,19039
2025-04-25 17:28:07+00:00,"üá™üá® | **Un potente terremoto de magnitud 6.3 sacudi√≥ la ma√±ana de este viernes el norte de Ecuador,** con epicentro localizado al noreste de Esmeraldas y una profundidad de 35 kil√≥metros, seg√∫n inform√≥ el Servicio Geol√≥gico de Estados Unidos (USGS). El sismo provoc√≥ momentos de p√°nico en varias localidades, afectando al menos 56 cantones del pa√≠s.

Las autoridades ecuatorianas reportaron inicialmente una persona herida, pero con el paso de las horas la cifra se elev√≥ a 29 heridos y cerca de 60 viviendas y estructuras con da√±os significativos. Entre las zonas m√°s afectadas se encuentran ciudades que sufrieron interrupciones en el suministro el√©ctrico y problemas en las telecomunicaciones.

La Secretar√≠a Nacional de Gesti√≥n de Riesgos orden√≥ la suspensi√≥n de la jornada laboral y las clases como medida preventiva, mientras se eval√∫an los da√±os y se coordinan las labores de asistencia. El movimiento tel√∫rico tambi√©n dej√≥ serias afectaciones en viviendas y comercios, intensificando la preocupaci√≥n entre los habitantes de las zonas impactadas.
Ôªø[ALERTAS MUNDIAL +18](https://t.me/+_aCx2zDTb39hNmZh)

‚ö°Ô∏è**Ay√∫danos a activar las historias pulsando** [BOOST](https://t.me/boost?c=1894858568)‚¨ÖÔ∏è| **√önete:** [Alertas Mundial](https://t.me/+G4mJ4O27qNsyNDYx) | [Alertas Mundial WAR](https://t.me/AlertasMundialWAR) | [AlertasMundial+18](https://t.me/+_aCx2zDTb39hNmZh) |** **[WhatsApp](https://whatsapp.com/channel/0029VaH704TKgsNvbjbcF70C) | [Instagram](https://www.instagram.com/alertasmundial2.0)
**Soporte o negocio:** [Administrador](https://t.me/AlertasMundialAdmin)
**Vis√≠tanos**: [AlertasMundial.com](http://www.AlertasMundial.com/)
Reacciona, comenta, reenv√≠a y activa las notificaciones para no perderte de nada.",-1001894858568,19038
2025-04-25 17:10:22+00:00,"üá∫üá∏üá∫üá¶ | **""Lo m√°s gracioso que he le√≠do en todo el d√≠a"":** as√≠ reaccion√≥ Elon Musk a la afirmaci√≥n de Zelenski de que se ha contabilizado hasta el √∫ltimo d√≥lar de la ayuda estadounidense.

‚ö°Ô∏è**Ay√∫danos a activar las historias pulsando** [BOOST](https://t.me/boost?c=1894858568)‚¨ÖÔ∏è| **√önete:** [Alertas Mundial](https://t.me/+G4mJ4O27qNsyNDYx) | [Alertas Mundial WAR](https://t.me/AlertasMundialWAR) | [AlertasMundial+18](https://t.me/+_aCx2zDTb39hNmZh) |** **[WhatsApp](https://whatsapp.com/channel/0029VaH704TKgsNvbjbcF70C) | [Instagram](https://www.instagram.com/alertasmundial2.0)
**Soporte o negocio:** [Administrador](https://t.me/AlertasMundialAdmin)
**Vis√≠tanos**: [AlertasMundial.com](http://www.AlertasMundial.com/)
Reacciona, comenta, reenv√≠a y activa las notificaciones para no perderte de nada.",-1001894858568,19037
2025-04-25 16:04:01+00:00,"üá∫üá∏ | ""¬°El futuro se ve brillante!"": **lanzan a la venta gorras de Trump con alusi√≥n a un tercer mandato**

La tienda en l√≠nea de Trump ha lanzado una gorra de b√©isbol con la inscripci√≥n ""Trump 2028"", en una alusi√≥n a la intenci√≥n del l√≠der republicano de postularse a un tercer mandato.

""¬°El futuro se ve brillante! Reescribe las reglas con la gorra de copa alta Trump 2028"", reza la descripci√≥n del art√≠culo, que cuesta 50 d√≥lares.

‚ö°Ô∏è**Ay√∫danos a activar las historias pulsando** [BOOST](https://t.me/boost?c=1894858568)‚¨ÖÔ∏è| **√önete:** [Alertas Mundial](https://t.me/+G4mJ4O27qNsyNDYx) | [Alertas Mundial WAR](https://t.me/AlertasMundialWAR) | [AlertasMundial+18](https://t.me/+_aCx2zDTb39hNmZh) |** **[WhatsApp](https://whatsapp.com/channel/0029VaH704TKgsNvbjbcF70C) | [Instagram](https://www.instagram.com/alertasmundial2.0)
**Soporte o negocio:** [Administrador](https://t.me/AlertasMundialAdmin)
**Vis√≠tanos**: [AlertasMundial.com](http://www.AlertasMundial.com/)
Reacciona, comenta, reenv√≠a y activa las notificaciones para no perderte de nada.",-1001894858568,19035
2025-04-25 15:38:08+00:00,"üá™üá® | Una c√°mara de seguridad capt√≥ el momento cuando unos **delincuentes asaltaron un negocio** en la ciudad de Manta, Ecuador.
[ALERTAS MUNDIAL +18](https://t.me/+_aCx2zDTb39hNmZh)

‚ö°Ô∏è**Ay√∫danos a activar las historias pulsando** [BOOST](https://t.me/boost?c=1894858568)‚¨ÖÔ∏è| **√önete:** [Alertas Mundial](https://t.me/+G4mJ4O27qNsyNDYx) | [Alertas Mundial WAR](https://t.me/AlertasMundialWAR) | [AlertasMundial+18](https://t.me/+_aCx2zDTb39hNmZh) |** **[WhatsApp](https://whatsapp.com/channel/0029VaH704TKgsNvbjbcF70C) | [Instagram](https://www.instagram.com/alertasmundial2.0)
**Soporte o negocio:** [Administrador](https://t.me/AlertasMundialAdmin)
**Vis√≠tanos**: [AlertasMundial.com](http://www.AlertasMundial.com/)
Reacciona, comenta, reenv√≠a y activa las notificaciones para no perderte de nada.",-1001894858568,19034
2025-04-25 14:10:13+00:00,,-1001894858568,19032
2025-04-25 14:10:12+00:00,,-1001894858568,19031
2025-04-25 14:10:12+00:00,"üîûüáªüá™üá®üá¥ | **Una pareja de nacionalidad venezolana fue v√≠ctima de un ataque sicarial** en el sector Dividivi, comuna 10 de Riohacha, La Guajira, Colombia. 

Hombres encapuchados llegaron en una motocicleta hasta la vivienda; el parrillero ingres√≥ y dispar√≥ contra ambos, provocando la muerte inmediata de Jos√© Manuel Jaramillo Chirinos y dejando gravemente herida a Mariana Jos√© Gonz√°lez Gonz√°lez. Antes de huir, los agresores dejaron un cartel con el mensaje: ""EGG presente por extorsionista de los Pachencas"".
[ALERTAS MUNDIAL +18](https://t.me/+_aCx2zDTb39hNmZh)

‚ö°Ô∏è**Ay√∫danos a activar las historias pulsando** [BOOST](https://t.me/boost?c=1894858568)‚¨ÖÔ∏è| **√önete:** [Alertas Mundial](https://t.me/+G4mJ4O27qNsyNDYx) | [Alertas Mundial WAR](https://t.me/AlertasMundialWAR) | [AlertasMundial+18](https://t.me/+_aCx2zDTb39hNmZh) |** **[WhatsApp](https://whatsapp.com/channel/0029VaH704TKgsNvbjbcF70C) | [Instagram](https://www.instagram.com/alertasmundial2.0)
**Soporte o negocio:** [Administrador](https://t.me/AlertasMundialAdmin)
**Vis√≠tanos**: [AlertasMundial.com](http://www.AlertasMundial.com/)
Reacciona, comenta, reenv√≠a y activa las notificaciones para no perderte de nada.",-1001894858568,19030
2025-04-25 13:23:53+00:00,"üá¶üá∑ | **Un joven sale huyendo para evitar ser asaltado por motochoros armados** en pleno centro de La Plata, Argentina.
[ALERTAS MUNDIAL +18](https://t.me/+_aCx2zDTb39hNmZh)

‚ö°Ô∏è**Ay√∫danos a activar las historias pulsando** [BOOST](https://t.me/boost?c=1894858568)‚¨ÖÔ∏è| **√önete:** [Alertas Mundial](https://t.me/+G4mJ4O27qNsyNDYx) | [Alertas Mundial WAR](https://t.me/AlertasMundialWAR) | [AlertasMundial+18](https://t.me/+_aCx2zDTb39hNmZh) |** **[WhatsApp](https://whatsapp.com/channel/0029VaH704TKgsNvbjbcF70C) | [Instagram](https://www.instagram.com/alertasmundial2.0)
**Soporte o negocio:** [Administrador](https://t.me/AlertasMundialAdmin)
**Vis√≠tanos**: [AlertasMundial.com](http://www.AlertasMundial.com/)
Reacciona, comenta, reenv√≠a y activa las notificaciones para no perderte de nada.",-1001894858568,19029
2025-04-25 12:30:24+00:00,,-1001894858568,19028
2025-04-25 12:30:24+00:00,,-1001894858568,19027
2025-04-25 12:30:24+00:00,,-1001894858568,19026
2025-04-25 12:30:24+00:00,,-1001894858568,19025
2025-04-25 12:30:24+00:00,,-1001894858568,19024
2025-04-25 12:30:23+00:00,,-1001894858568,19023
2025-04-25 12:30:23+00:00,"üá∑üá∫ | **Un alto mando del Ej√©rcito ruso muere en la explosi√≥n** de su auto en la provincia de Mosc√∫

Yaroslav Mosk√°lik, jefe adjunto de la Direcci√≥n Operativa Principal del Estado Mayor de las Fuerzas Armadas de Rusia, ha muerto este viernes como consecuencia de una explosi√≥n de un coche en el patio de un edificio residencial en la ciudad de Balashija, en la provincia de Mosc√∫, informa el Comit√© de Investigaci√≥n de Rusia.

La portavoz del Ministerio de Asuntos Exteriores de Rusia, Mar√≠a Zaj√°rova, calific√≥ lo sucedido de ""atentado terrorista"".
[ALERTAS MUNDIAL +18](https://t.me/+_aCx2zDTb39hNmZh)

‚ö°Ô∏è**Ay√∫danos a activar las historias pulsando** [BOOST](https://t.me/boost?c=1894858568)‚¨ÖÔ∏è| **√önete:** [Alertas Mundial](https://t.me/+G4mJ4O27qNsyNDYx) | [Alertas Mundial WAR](https://t.me/AlertasMundialWAR) | [AlertasMundial+18](https://t.me/+_aCx2zDTb39hNmZh) |** **[WhatsApp](https://whatsapp.com/channel/0029VaH704TKgsNvbjbcF70C) | [Instagram](https://www.instagram.com/alertasmundial2.0)
**Soporte o negocio:** [Administrador](https://t.me/AlertasMundialAdmin)
**Vis√≠tanos**: [AlertasMundial.com](http://www.AlertasMundial.com/)
Reacciona, comenta, reenv√≠a y activa las notificaciones para no perderte de nada.",-1001894858568,19022
2025-04-25 11:57:01+00:00,,-1001894858568,19021
2025-04-25 11:57:01+00:00,,-1001894858568,19020
2025-04-25 11:57:01+00:00,,-1001894858568,19019
2025-04-25 11:57:01+00:00,"üá∫üá∏ | **Un tiroteo ocurrido la tarde del jueves en el suroeste de Miami-Dade, Florida, Estados Unidos,** dej√≥ un saldo de un muerto y dos heridos. 

El incidente tuvo lugar en Priced Right Motors, Inc., un concesionario de autos usados ubicado en 7321 SW 45th Street, en el √°rea de Glenvar Heights. 

El atacante, identificado como Roberto Leyva, ingres√≥ al establecimiento armado con una pistola y un rifle, y abri√≥ fuego contra su medio hermano, Eduardo Rivero Jr., propietario del negocio, quien falleci√≥ posteriormente en el hospital. Otro empleado result√≥ herido y se encuentra en condici√≥n estable. Leyva fue herido de gravedad tras un intercambio de disparos con los agentes y fue trasladado al hospital en estado cr√≠tico. 

El tiroteo moviliz√≥ a m√°s de 29 unidades de emergencia, incluyendo un helic√≥ptero que aterriz√≥ en el estadio de Tropical Park para facilitar la evacuaci√≥n de los heridos. Un video muestra a agentes con escudos y armas en mano acerc√°ndose al edificio, seguido de un cuerpo en el suelo y varias personas evacuando con las manos en alto.  La Oficina del Sheriff de Miami-Dade est√° investigando el caso. 
[ALERTAS MUNDIAL +18](https://t.me/+_aCx2zDTb39hNmZh)

‚ö°Ô∏è**Ay√∫danos a activar las historias pulsando** [BOOST](https://t.me/boost?c=1894858568)‚¨ÖÔ∏è| **√önete:** [Alertas Mundial](https://t.me/+G4mJ4O27qNsyNDYx) | [Alertas Mundial WAR](https://t.me/AlertasMundialWAR) | [AlertasMundial+18](https://t.me/+_aCx2zDTb39hNmZh) |** **[WhatsApp](https://whatsapp.com/channel/0029VaH704TKgsNvbjbcF70C) | [Instagram](https://www.instagram.com/alertasmundial2.0)
**Soporte o negocio:** [Administrador](https://t.me/AlertasMundialAdmin)
**Vis√≠tanos**: [AlertasMundial.com](http://www.AlertasMundial.com/)
Reacciona, comenta, reenv√≠a y activa las notificaciones para no perderte de nada.",-1001894858568,19018
2025-04-25 11:03:37+00:00,"üá¶üá∑ | ‚Äú¬øTen√©s una bolsita? Bueno, dame todo‚Äù, dijo un delincuente a una mujer en un peque√±o expendio de frutas y alimentos en Bariloche, Argentina. **Presa del p√°nico, la comerciante coloc√≥ varios billetes fruto de su trabajo en una bolsa y se los entreg√≥ al asaltante.**
[ALERTAS MUNDIAL +18](https://t.me/+_aCx2zDTb39hNmZh)

‚ö°Ô∏è**Ay√∫danos a activar las historias pulsando** [BOOST](https://t.me/boost?c=1894858568)‚¨ÖÔ∏è| **√önete:** [Alertas Mundial](https://t.me/+G4mJ4O27qNsyNDYx) | [Alertas Mundial WAR](https://t.me/AlertasMundialWAR) | [AlertasMundial+18](https://t.me/+_aCx2zDTb39hNmZh) |** **[WhatsApp](https://whatsapp.com/channel/0029VaH704TKgsNvbjbcF70C) | [Instagram](https://www.instagram.com/alertasmundial2.0)
**Soporte o negocio:** [Administrador](https://t.me/AlertasMundialAdmin)
**Vis√≠tanos**: [AlertasMundial.com](http://www.AlertasMundial.com/)
Reacciona, comenta, reenv√≠a y activa las notificaciones para no perderte de nada.",-1001894858568,19017
2025-04-25 04:55:25+00:00,"üîûüá®üá¥ | **Encuentran una cabeza humana** en el barrio Ol√≠mpico, en Tulu√°, departamento del Valle del Cauca, Colombia. **Junto a los restos fue hallada una nota que dec√≠a: ""por rata ladrona"". **

Seg√∫n informaci√≥n preliminar, la v√≠ctima de este atroz crimen fue identificada como Andr√©s Felipe Hern√°ndez Garc√≠a, un joven residente del corregimiento de Aguaclara, quien llevaba tres d√≠as desaparecido. Hasta el momento, se desconoce el paradero del resto de su cuerpo.
[ALERTAS MUNDIAL +18](https://t.me/+_aCx2zDTb39hNmZh)

‚ö°Ô∏è**Ay√∫danos a activar las historias pulsando** [BOOST](https://t.me/boost?c=1894858568)‚¨ÖÔ∏è| **√önete:** [Alertas Mundial](https://t.me/+G4mJ4O27qNsyNDYx) | [Alertas Mundial WAR](https://t.me/AlertasMundialWAR) | [AlertasMundial+18](https://t.me/+_aCx2zDTb39hNmZh) |** **[WhatsApp](https://whatsapp.com/channel/0029VaH704TKgsNvbjbcF70C) | [Instagram](https://www.instagram.com/alertasmundial2.0)
**Soporte o negocio:** [Administrador](https://t.me/AlertasMundialAdmin)
**Vis√≠tanos**: [AlertasMundial.com](http://www.AlertasMundial.com/)
Reacciona, comenta, reenv√≠a y activa las notificaciones para no perderte de nada.",-1001894858568,19016
2025-04-25 03:39:03+00:00,"üáªüá™üá∫üá∏ | El FBI arrest√≥ al juez Joel Cano y a su esposa Nancy Cano **por alojar en su casa a un integrante de la banda criminal Tren de Aragua.**

El exjuez del condado de Do√±a Ana, en el estado de Nuevo M√©xico, Estados Unidos, Joel Cano, y su esposa, Nancy Cano, fueron arrestados el jueves 24 de abril de 2025, por presuntamente albergar en su residencia a Cristhian Ortega-Lopez, un ciudadano venezolano de 23 a√±os y supuesto miembro de la organizaci√≥n criminal Tren de Aragua.

Ortega-Lopez ingres√≥ ilegalmente a Estados Unidos en diciembre de 2023 y fue liberado poco despu√©s debido al hacinamiento en los centros de detenci√≥n. Posteriormente, fue contratado por Nancy Cano para realizar reparaciones en su hogar y se le ofreci√≥ alojamiento en la casa de hu√©spedes de la familia.

Durante la investigaci√≥n, las autoridades encontraron pruebas que vinculan a Ortega-Lopez con el Tren de Aragua, incluyendo ropa asociada a la pandilla, tatuajes, mensajes de voz y textos. Adem√°s, se incautaron armas de fuego en la residencia de la hija de los Cano, algunas de las cuales aparec√≠an en publicaciones en redes sociales donde Ortega-Lopez posaba con ellas.

Ortega-Lopez enfrenta cargos federales por ser un inmigrante ilegal en posesi√≥n de armas de fuego, lo que podr√≠a acarrear hasta 15 a√±os de prisi√≥n. Joel Cano fue acusado de manipulaci√≥n de pruebas, mientras que Nancy Cano enfrenta cargos por conspiraci√≥n para manipular pruebas.

El 22 de abril de 2025, la Corte Suprema del estado de Nuevo M√©xico, Estados Unidos, prohibi√≥ permanentemente a Joel Cano ocupar cualquier cargo judicial en el estado, incluida la facultad de oficiar bodas.

__M√°s detalles__ [**AQU√ç**](https://t.me/c/1894858568/18921)
[ALERTAS MUNDIAL +18](https://t.me/+_aCx2zDTb39hNmZh)

‚ö°Ô∏è**Ay√∫danos a activar las historias pulsando** [BOOST](https://t.me/boost?c=1894858568)‚¨ÖÔ∏è| **√önete:** [Alertas Mundial](https://t.me/+G4mJ4O27qNsyNDYx) | [Alertas Mundial WAR](https://t.me/AlertasMundialWAR) | [AlertasMundial+18](https://t.me/+_aCx2zDTb39hNmZh) |** **[WhatsApp](https://whatsapp.com/channel/0029VaH704TKgsNvbjbcF70C) | [Instagram](https://www.instagram.com/alertasmundial2.0)
**Soporte o negocio:** [Administrador](https://t.me/AlertasMundialAdmin)
**Vis√≠tanos**: [AlertasMundial.com](http://www.AlertasMundial.com/)
Reacciona, comenta, reenv√≠a y activa las notificaciones para no perderte de nada.",-1001894858568,19015
2025-04-25 03:04:09+00:00,,-1001894858568,19014
2025-04-25 03:04:09+00:00,,-1001894858568,19013
2025-04-25 03:04:09+00:00,,-1001894858568,19012
2025-04-25 03:04:09+00:00,,-1001894858568,19011
2025-04-25 03:04:09+00:00,,-1001894858568,19010
2025-04-25 03:04:09+00:00,"üîûüá©üá¥ | **Una pareja result√≥ gravemente heridas tras ser atacada a tiros** mientras transitaban en una jeepeta Cherokee de color gris, la tarde del jueves, en una v√≠a principal de Los Mina, Santo Domingo Este, Rep√∫blica Dominicana. 
[ALERTAS MUNDIAL +18](https://t.me/+_aCx2zDTb39hNmZh)

‚ö°Ô∏è**Ay√∫danos a activar las historias pulsando** [BOOST](https://t.me/boost?c=1894858568)‚¨ÖÔ∏è| **√önete:** [Alertas Mundial](https://t.me/+G4mJ4O27qNsyNDYx) | [Alertas Mundial WAR](https://t.me/AlertasMundialWAR) | [AlertasMundial+18](https://t.me/+_aCx2zDTb39hNmZh) |** **[WhatsApp](https://whatsapp.com/channel/0029VaH704TKgsNvbjbcF70C) | [Instagram](https://www.instagram.com/alertasmundial2.0)
**Soporte o negocio:** [Administrador](https://t.me/AlertasMundialAdmin)
**Vis√≠tanos**: [AlertasMundial.com](http://www.AlertasMundial.com/)
Reacciona, comenta, reenv√≠a y activa las notificaciones para no perderte de nada.",-1001894858568,19009
2025-04-25 02:22:28+00:00,,-1001894858568,19008
2025-04-25 02:22:27+00:00,,-1001894858568,19007
2025-04-25 02:22:27+00:00,,-1001894858568,19006
2025-04-25 02:22:27+00:00,"üîûüáµüá™ | **Una mujer se arroj√≥ al vac√≠o desde el piso 14 del Hospital Edgardo Rebagliati Martins,** ubicado en Lima, Per√∫, y perdi√≥ la vida de forma inmediata.
[ALERTAS MUNDIAL +18](https://t.me/+_aCx2zDTb39hNmZh)

‚ö°Ô∏è**Ay√∫danos a activar las historias pulsando** [BOOST](https://t.me/boost?c=1894858568)‚¨ÖÔ∏è| **√önete:** [Alertas Mundial](https://t.me/+G4mJ4O27qNsyNDYx) | [Alertas Mundial WAR](https://t.me/AlertasMundialWAR) | [AlertasMundial+18](https://t.me/+_aCx2zDTb39hNmZh) |** **[WhatsApp](https://whatsapp.com/channel/0029VaH704TKgsNvbjbcF70C) | [Instagram](https://www.instagram.com/alertasmundial2.0)
**Soporte o negocio:** [Administrador](https://t.me/AlertasMundialAdmin)
**Vis√≠tanos**: [AlertasMundial.com](http://www.AlertasMundial.com/)
Reacciona, comenta, reenv√≠a y activa las notificaciones para no perderte de nada.",-1001894858568,19005
2025-04-25 01:36:18+00:00,,-1001894858568,19004
2025-04-25 01:36:18+00:00,,-1001894858568,19003
2025-04-25 01:36:18+00:00,,-1001894858568,19002
